{"cameraMode":{"drawMode":0,"name":"Shaded","section":"Shading Mode"},"sceneLighting":true,"audioPlay":false,"sceneViewState":{"showFog":true,"showMaterialUpdate":false,"showSkybox":true,"showFlares":true,"showImageEffects":true,"showParticleSystems":true},"in2DMode":false,"pivot":{"x":-12.255126953125,"y":-7.9892578125,"z":-44.85527038574219},"rotation":{"x":0.05097777023911476,"y":0.0006002214504405856,"z":0.00003059813388972543,"w":-0.9986996650695801},"size":40.51359176635742,"orthographic":true}