{"cameraMode":{"drawMode":0,"name":"Shaded","section":"Shading Mode"},"sceneLighting":false,"audioPlay":false,"sceneViewState":{"showFog":true,"showMaterialUpdate":false,"showSkybox":true,"showFlares":true,"showImageEffects":true,"showParticleSystems":true},"in2DMode":false,"pivot":{"x":64.03500366210938,"y":-24.94000244140625,"z":0.0},"rotation":{"x":-0.001500068698078394,"y":0.007498844061046839,"z":-0.000011427277968323324,"w":-0.9999707937240601},"size":178.60792541503907,"orthographic":false}