{"cameraMode":{"drawMode":0,"name":"Shaded","section":"Shading Mode"},"sceneLighting":true,"audioPlay":false,"sceneViewState":{"showFog":true,"showMaterialUpdate":false,"showSkybox":true,"showFlares":true,"showImageEffects":true,"showParticleSystems":true},"in2DMode":false,"pivot":{"x":775.091552734375,"y":466.9682922363281,"z":24.668533325195314},"rotation":{"x":0.023985788226127626,"y":-0.031485725194215778,"z":-0.0007558027864433825,"w":-0.9992160797119141},"size":1192.927734375,"orthographic":false}