{"cameraMode":{"drawMode":0,"name":"Shaded","section":"Shading Mode"},"sceneLighting":false,"audioPlay":false,"sceneViewState":{"showFog":true,"showMaterialUpdate":false,"showSkybox":true,"showFlares":true,"showImageEffects":true,"showParticleSystems":true},"in2DMode":false,"pivot":{"x":780.4117431640625,"y":31.718399047851564,"z":13.579010009765625},"rotation":{"x":-0.001500068698078394,"y":0.007498844061046839,"z":-0.000011427277968323324,"w":-0.9999707937240601},"size":105.61849212646485,"orthographic":true}