{"cameraMode":{"drawMode":0,"name":"Shaded","section":"Shading Mode"},"sceneLighting":false,"audioPlay":false,"sceneViewState":{"showFog":true,"showMaterialUpdate":false,"showSkybox":true,"showFlares":true,"showImageEffects":true,"showParticleSystems":true},"in2DMode":false,"pivot":{"x":491.783935546875,"y":250.4103240966797,"z":8.058349609375},"rotation":{"x":-0.001500068698078394,"y":0.007498844061046839,"z":-0.000011427277968323324,"w":-0.9999707937240601},"size":1465.2222900390625,"orthographic":false}