{"cameraMode":{"drawMode":0,"name":"Shaded","section":"Shading Mode"},"sceneLighting":true,"audioPlay":false,"sceneViewState":{"showFog":true,"showMaterialUpdate":false,"showSkybox":true,"showFlares":true,"showImageEffects":true,"showParticleSystems":true},"in2DMode":false,"pivot":{"x":-13.769327163696289,"y":-7.500113010406494,"z":10.384437561035157},"rotation":{"x":-0.07014907896518707,"y":-0.22107116878032685,"z":0.01594451442360878,"w":-0.9726008772850037},"size":49.65349578857422,"orthographic":false}