{"cameraMode":{"drawMode":0,"name":"Shaded","section":"Shading Mode"},"sceneLighting":false,"audioPlay":false,"sceneViewState":{"showFog":true,"showMaterialUpdate":false,"showSkybox":true,"showFlares":true,"showImageEffects":true,"showParticleSystems":true},"in2DMode":false,"pivot":{"x":81.60874938964844,"y":-33.25382614135742,"z":0.2385406494140625},"rotation":{"x":-0.001500068698078394,"y":0.007498844061046839,"z":-0.000011427277968323324,"w":-0.9999707937240601},"size":158.03570556640626,"orthographic":false}